TenantId,AccountDomain,AccountName,AccountSid,ActionType,AdditionalFields,AppGuardContainerId,DeviceId,DeviceName,FileName,FileOriginIP,FileOriginUrl,FolderPath,InitiatingProcessAccountDomain,InitiatingProcessAccountName,InitiatingProcessAccountObjectId,InitiatingProcessAccountSid,InitiatingProcessAccountUpn,InitiatingProcessCommandLine,InitiatingProcessFileName,InitiatingProcessFolderPath,InitiatingProcessId,InitiatingProcessLogonId,InitiatingProcessMD5,InitiatingProcessParentFileName,InitiatingProcessParentId,InitiatingProcessSHA1,InitiatingProcessSHA256,LocalIP,LocalPort,LogonId,MD5,MachineGroup,ProcessCommandLine,ProcessId,ProcessTokenElevation,RegistryKey,RegistryValueData,RegistryValueName,RemoteDeviceName,RemoteIP,RemotePort,RemoteUrl,ReportId,SHA1,SHA256,"Timestamp [UTC]","TimeGenerated [UTC]",FileSize,"InitiatingProcessCreationTime [UTC]",InitiatingProcessFileSize,"InitiatingProcessParentCreationTime [UTC]",InitiatingProcessVersionInfoCompanyName,InitiatingProcessVersionInfoFileDescription,InitiatingProcessVersionInfoInternalFileName,InitiatingProcessVersionInfoOriginalFileName,InitiatingProcessVersionInfoProductName,InitiatingProcessVersionInfoProductVersion,"ProcessCreationTime [UTC]",CreatedProcessSessionId,IsProcessRemoteSession,ProcessRemoteSessionDeviceName,ProcessRemoteSessionIP,InitiatingProcessSessionId,IsInitiatingProcessRemoteSession,InitiatingProcessRemoteSessionDeviceName,InitiatingProcessRemoteSessionIP,SourceSystem,Type
"0d5eeaad-cb89-457a-ae38-d182066dd724",,,,AntivirusDetection,"{""InitiatingProcess"":{},""WasExecutingWhileDetected"":false,""ThreatName"":""PUA:Win32/OpenCandy"",""Action"":3,""WasRemediated"":true,""ResourceSchema"":""file"",""ReportSource"":""WindowsDefender"",""DetectionGuid"":""bd10e105-f913-5db4-619f-29254f425467"",""IsPassiveMode"":false}",,042d5d9f3addf8937672431c351e52e99292e0f2,"SOC-Test-EP","keyfinderinstaller.exe",,,"f:\study\nicky study\pc_data\data\nickyg\downloads","nt authority",system,,"S-1-5-18",,,,,0,0,,,0,,,,,,80f381187b6511739472b88d72b34206,,,,,,,,,,,,118087,10329743bab3aa7b2073c1962f3e16744967ea11,,"30/10/2024, 20:04:43.090","30/10/2024, 20:04:43.090",,,,,,,,,,,,,false,,,0,false,,,,DeviceEvents
"0d5eeaad-cb89-457a-ae38-d182066dd724",,,,AntivirusDetection,"{""InitiatingProcess"":{},""WasExecutingWhileDetected"":false,""ThreatName"":""EUS:Win32/CustomEnterpriseBlock"",""Action"":2,""WasRemediated"":true,""ResourceSchema"":""NULL"",""ReportSource"":""WindowsDefender"",""DetectionGuid"":""b7ad8ff1-da33-1c62-aa13-cde76109ec8e"",""IsPassiveMode"":false}",,042d5d9f3addf8937672431c351e52e99292e0f2,"SOC-Test-EP","keyfinderinstaller.exe",,,"f:\study\nicky study\pc_data\data\nickyg\downloads","nt authority",system,,NULL,,,,,0,0,,,0,,,,,,80f381187b6511739472b88d72b34206,,,,,,,,,,,,118088,10329743bab3aa7b2073c1962f3e16744967ea11,,"30/10/2024, 20:04:37.454","30/10/2024, 20:04:37.454",,,,,,,,,,,,,false,,,0,false,,,,DeviceEvents
"0d5eeaad-cb89-457a-ae38-d182066dd724",,,,OtherAlertRelatedActivity,"{""Description"":""Defender detected and quarantined 'PUATorrent:Win32/BitTorrent' in file 'utorrent.exe'""}",,042d5d9f3addf8937672431c351e52e99292e0f2,"SOC-Test-EP","utorrent.exe",,,"f:\study\study material\network+\utorrent.exe",,,,,,,,,,,,,,,,,,,0a76e7a7ea3857a751ba5ca5eda03b94,,,,,,,,,,,,118074,9a076d03ca34be4eace14c4c4e9372a673cb9aa8,1faa7c9dbc2d91db188cc65de7d60281f8efa25831c56b62ce49014796c710de,"30/10/2024, 20:04:21.565","30/10/2024, 20:04:21.565",,,,,,,,,,,,,false,,,,false,,,,DeviceEvents
"0d5eeaad-cb89-457a-ae38-d182066dd724",,,,AntivirusDetection,"{""InitiatingProcess"":{},""WasExecutingWhileDetected"":false,""ThreatName"":""EUS:Win32/CustomEnterpriseBlock"",""Action"":2,""WasRemediated"":true,""ResourceSchema"":""NULL"",""ReportSource"":""WindowsDefender"",""DetectionGuid"":""6d0b4e4f-8cde-3d2f-d58d-65e837c97391"",""IsPassiveMode"":false}",,042d5d9f3addf8937672431c351e52e99292e0f2,"SOC-Test-EP","utorrent.exe",,,"f:\study\study material\network+","nt authority",system,,NULL,,,,,0,0,,,0,,,,,,0a76e7a7ea3857a751ba5ca5eda03b94,,,,,,,,,,,,118075,9a076d03ca34be4eace14c4c4e9372a673cb9aa8,,"30/10/2024, 20:04:14.408","30/10/2024, 20:04:14.408",,,,,,,,,,,,,false,,,0,false,,,,DeviceEvents
"0d5eeaad-cb89-457a-ae38-d182066dd724",,,,AntivirusDetection,"{""InitiatingProcess"":{},""WasExecutingWhileDetected"":false,""ThreatName"":""PUATorrent:Win32/BitTorrent"",""Action"":2,""WasRemediated"":true,""ResourceSchema"":""file"",""ReportSource"":""WindowsDefender"",""DetectionGuid"":""6057ca5a-e036-f3df-db7e-aadd4111cae6"",""IsPassiveMode"":false}",,042d5d9f3addf8937672431c351e52e99292e0f2,"SOC-Test-EP","utorrent.exe",,,"f:\study\study material\network+","nt authority",system,,"S-1-5-18",,,,,0,0,,,0,,,,,,0a76e7a7ea3857a751ba5ca5eda03b94,,,,,,,,,,,,118073,9a076d03ca34be4eace14c4c4e9372a673cb9aa8,,"30/10/2024, 20:04:04.943","30/10/2024, 20:04:04.943",,,,,,,,,,,,,false,,,0,false,,,,DeviceEvents
"0d5eeaad-cb89-457a-ae38-d182066dd724",,,,DpapiAccessed,"{""CallerProcessID"":33524,""Flags"":""CRYPTPROTECT_UI_FORBIDDEN"",""MasterKeyGUID"":""80069123-080d-4ada-8e33-1f09ee8d8f73"",""OperationType"":""SPCryptUnprotect"",""ReturnValue"":0}",,042d5d9f3addf8937672431c351e52e99292e0f2,"SOC-Test-EP",,,,,"nt authority",system,,"S-1-5-18",,"OfficeClickToRun.exe platform=x64 culture=en-us productstoadd=O365ProPlusRetail.16_en-us_x-none cdnbaseurl.16=http://officecdn.microsoft.com/pr/492350f6-3a01-4f97-b9c0-c7c6ddf67d60 baseurl.16=http://officecdn.microsoft.com/pr/492350f6-3a01-4f97-b9c0-c7c6ddf67d60 version.16=16.0.18129.20116 mediatype.16=CDN sourcetype.16=CDN O365ProPlusRetail.excludedapps.16=infopath,lync,sharepointdesigner updatesenabled.16=True sharedcomputerlicensing.16=0 acceptalleulas.16=True displaylevel=False bitnessmigration=False deliverymechanism=492350f6-3a01-4f97-b9c0-c7c6ddf67d60 flt.useoutlookshareaddon=unknown flt.useofficehelperaddon=unknown flt.UseTeamsOnInstallConsumer=unknown flt.UseTeamsOnUpdateConsumer=unknown uninstallcentennial=True besteffortcultureinstall=True","officeclicktorun.exe","c:\program files\common files\microsoft shared\clicktorun\officeclicktorun.exe",33524,999,ab9f907d2ecca879e8f72a6dac928091,"odt6F74.tmp.exe",25884,9365da9ebdbc494f899f97d6b2cfc35fdbbca120,b235ff727f66f89c6e77679d455702c670830157bd808e9a9a194a0b01e7c61c,,,,,,,,,,,,,,,,117982,,,"30/10/2024, 20:03:26.625","30/10/2024, 20:03:26.625",4992,"30/10/2024, 20:03:21.441",13650648,"30/10/2024, 20:03:16.235","Microsoft Corporation","Microsoft Office Click-to-Run (SxS)","OfficeClickToRun.exe","OfficeClickToRun.exe","Microsoft 365 and Office","16.0.18129.20116",,,false,,,0,false,,,,DeviceEvents
"0d5eeaad-cb89-457a-ae38-d182066dd724",,,,DpapiAccessed,"{""CallerProcessID"":25884,""Flags"":""CRYPTPROTECT_UI_FORBIDDEN"",""MasterKeyGUID"":""80069123-080d-4ada-8e33-1f09ee8d8f73"",""OperationType"":""SPCryptUnprotect"",""ReturnValue"":0}",,042d5d9f3addf8937672431c351e52e99292e0f2,"SOC-Test-EP",,,,,"nt authority",system,,"S-1-5-18",,"odt6F74.tmp.exe RELAUNCHED /configure C:\WINDOWS\TEMP\cfgD4C7.tmp","odt6f74.tmp.exe","c:\windows\temp\odt6f74.tmp.exe",25884,999,13199a06f646dd1e82d9a6e2dfde62e3,"odt6F74.tmp.exe",34152,3847f7be74be45066c493b7b71c52d50649f8fa0,d6f6fd3fe8eba8ccee31a270ba3fc6b6a7a1de58f4c9b45f40a9f322a84f8b1f,,,,,,,,,,,,,,,,117946,,,"30/10/2024, 20:03:17.851","30/10/2024, 20:03:17.851",4992,"30/10/2024, 20:03:16.235",7525088,"30/10/2024, 20:03:16.132","Microsoft Corporation","Microsoft 365 and Office","Bootstrapper.exe","Bootstrapper.exe","Microsoft Office","16.0.18129.20030",,,false,,,0,false,,,,DeviceEvents
"0d5eeaad-cb89-457a-ae38-d182066dd724","nt authority",system,"S-1-5-18",ReadProcessMemoryApiCall,"{""TotalBytesCopied"":1940}",,042d5d9f3addf8937672431c351e52e99292e0f2,"SOC-Test-EP","lsass.exe",,,"C:\Windows\System32","nt authority",system,,"S-1-5-18",,"""MsMpEng.exe""","MsMpEng.exe","C:\ProgramData\Microsoft\Windows Defender\Platform\4.18.24090.11-0",9888,999,5d603c8cfe6793f8c6339676ebbf1a4c,"\Device\HarddiskVolume4\Windows\System32\services.exe",856,95b78aff8347564f9d3347f5114bd9cf60b9f544,03d6885dc5ff0bb2bef655ed4063f8254f1ae02eb2387e8561364caba18e74a1,,,,60e18f7b8d1f43731d0e9169c2d16547,,,884,TokenElevationTypeDefault,,,,,,,,117857,83ebb66f070956225959ee773b468f89ed55479c,,"30/10/2024, 20:02:46.192","30/10/2024, 20:02:46.192",60640,"30/10/2024, 06:53:27.201",141952,"28/10/2024, 05:42:31.747","Microsoft Corporation","Antimalware Service Executable","MsMpEng.exe","MsMpEng.exe","Microsoft® Windows® Operating System","4.18.24090.11","28/10/2024, 05:42:31.791",,false,,,0,false,,,,DeviceEvents
"0d5eeaad-cb89-457a-ae38-d182066dd724","nt authority",system,"S-1-5-18",ReadProcessMemoryApiCall,"{""TotalBytesCopied"":131442}",,042d5d9f3addf8937672431c351e52e99292e0f2,"SOC-Test-EP","lsass.exe",,,"C:\Windows\System32","nt authority",system,,"S-1-5-18",,"""SenseIR.exe"" ""OnlineSenseIR"" ""4704"" ""eyJBaXJzU2VydmljZVVybCI6Imh0dHBzOi8vd2luYXRwLWd3LXdldS5taWNyb3NvZnQuY29tL3NlbnNlaXIvdjEiLCJDb21tYW5kSWQiOiJjZWQzMTZmNC0zZDUzLTRlNGQtODdmZS1hNGQwODkwMTgyMzY6OjI5YmJhZDAxLTliMTQtNGZlZC05MWM5LTMzMzllMTUyNzgyMiIsIkRvd25sb2FkRmlsZUFjdGlvbkNvbmZpZyI6eyJlbmFibGUiOnRydWUsImZpbGVTaXplTGltaXRLYiI6LTF9LCJEb3dubG9hZFRydXN0ZWRDZXJ0aWZpY2F0ZXNDaGFpbnMiOltbWyIqLmJsb2IuY29yZS53aW5kb3dzLm5ldCIsIk1pY3Jvc29mdCBSU0EgVExTIENBIDAxIiwiQmFsdGltb3JlIEN5YmVyVHJ1c3QgUm9vdCJdXSxbWyIqLmJsb2IuY29yZS53aW5kb3dzLm5ldCIsIk1pY3Jvc29mdCBSU0EgVExTIENBIDAyIiwiQmFsdGltb3JlIEN5YmVyVHJ1c3QgUm9vdCJdXSxbWyIqLmJsb2IuY29yZS51c2dvdmNsb3VkYXBpLm5ldCIsIk1pY3Jvc29mdCBSU0EgVExTIENBIDAxIiwiQmFsdGltb3JlIEN5YmVyVHJ1c3QgUm9vdCJdXSxbWyIqLmJsb2IuY29yZS51c2dvdmNsb3VkYXBpLm5ldCIsIk1pY3Jvc29mdCBSU0EgVExTIENBIDAyIiwiQmFsdGltb3JlIEN5YmVyVHJ1c3QgUm9vdCJdXSxbWyIqLmJsb2IuY29yZS53aW5kb3dzLm5ldCIsIk1pY3Jvc29mdCBBenVyZSBUTFMgSXNzdWluZyBDQSAwMSIsIkRpZ2lDZXJ0IEdsb2JhbCBSb290IEcyIl1dLFtbIiouYmxvYi5jb3JlLndpbmRvd3MubmV0IiwiTWljcm9zb2Z0IEF6dXJlIFRMUyBJc3N1aW5nIENBIDAyIiwiRGlnaUNlcnQgR2xvYmFsIFJvb3QgRzIiXV0sW1siKi5ibG9iLmNvcmUud2luZG93cy5uZXQiLCJNaWNyb3NvZnQgQXp1cmUgVExTIElzc3VpbmcgQ0EgMDUiLCJEaWdpQ2VydCBHbG9iYWwgUm9vdCBHMiJdXSxbWyIqLmJsb2IuY29yZS53aW5kb3dzLm5ldCIsIk1pY3Jvc29mdCBBenVyZSBUTFMgSXNzdWluZyBDQSAwNiIsIkRpZ2lDZXJ0IEdsb2JhbCBSb290IEcyIl1dLFtbIiouYmxvYi5jb3JlLnVzZ292Y2xvdWRhcGkubmV0IiwiTWljcm9zb2Z0IEF6dXJlIFRMUyBJc3N1aW5nIENBIDAxIiwiRGlnaUNlcnQgR2xvYmFsIFJvb3QgRzIiXV0sW1siKi5ibG9iLmNvcmUudXNnb3ZjbG91ZGFwaS5uZXQiLCJNaWNyb3NvZnQgQXp1cmUgVExTIElzc3VpbmcgQ0EgMDIiLCJEaWdpQ2VydCBHbG9iYWwgUm9vdCBHMiJdXSxbWyIqLmJsb2IuY29yZS51c2dvdmNsb3VkYXBpLm5ldCIsIk1pY3Jvc29mdCBBenVyZSBUTFMgSXNzdWluZyBDQSAwNSIsIkRpZ2lDZXJ0IEdsb2JhbCBSb290IEcyIl1dLFtbIiouYmxvYi5jb3JlLnVzZ292Y2xvdWRhcGkubmV0IiwiTWljcm9zb2Z0IEF6dXJlIFRMUyBJc3N1aW5nIENBIDA2IiwiRGlnaUNlcnQgR2xvYmFsIFJvb3QgRzIiXV0sW1siKi5ibG9iLmNvcmUud2luZG93cy5uZXQiLCJNaWNyb3NvZnQgQXp1cmUgUlNBIFRMUyBJc3N1aW5nIENBIDAzIiwiRGlnaUNlcnQgR2xvYmFsIFJvb3QgRzIiXV0sW1siKi5ibG9iLmNvcmUud2luZG93cy5uZXQiLCJNaWNyb3NvZnQgQXp1cmUgUlNBIFRMUyBJc3N1aW5nIENBIDA0IiwiRGlnaUNlcnQgR2xvYmFsIFJvb3QgRzIiXV0sW1siKi5ibG9iLmNvcmUud2luZG93cy5uZXQiLCJNaWNyb3NvZnQgQXp1cmUgUlNBIFRMUyBJc3N1aW5nIENBIDA3IiwiRGlnaUNlcnQgR2xvYmFsIFJvb3QgRzIiXV0sW1siKi5ibG9iLmNvcmUud2luZG93cy5uZXQiLCJNaWNyb3NvZnQgQXp1cmUgUlNBIFRMUyBJc3N1aW5nIENBIDA4IiwiRGlnaUNlcnQgR2xvYmFsIFJvb3QgRzIiXV0sW1siKi5ibG9iLmNvcmUudXNnb3ZjbG91ZGFwaS5uZXQiLCJNaWNyb3NvZnQgQXp1cmUgUlNBIFRMUyBJc3N1aW5nIENBIDAzIiwiRGlnaUNlcnQgR2xvYmFsIFJvb3QgRzIiXV0sW1siKi5ibG9iLmNvcmUudXNnb3ZjbG91ZGFwaS5uZXQiLCJNaWNyb3NvZnQgQXp1cmUgUlNBIFRMUyBJc3N1aW5nIENBIDA0IiwiRGlnaUNlcnQgR2xvYmFsIFJvb3QgRzIiXV0sW1siKi5ibG9iLmNvcmUudXNnb3ZjbG91ZGFwaS5uZXQiLCJNaWNyb3NvZnQgQXp1cmUgUlNBIFRMUyBJc3N1aW5nIENBIDA3IiwiRGlnaUNlcnQgR2xvYmFsIFJvb3QgRzIiXV0sW1siKi5ibG9iLmNvcmUudXNnb3ZjbG91ZGFwaS5uZXQiLCJNaWNyb3NvZnQgQXp1cmUgUlNBIFRMUyBJc3N1aW5nIENBIDA4IiwiRGlnaUNlcnQgR2xvYmFsIFJvb3QgRzIiXV0sW1siKi5ibG9iLmNvcmUud2luZG93cy5uZXQiLCJNaWNyb3NvZnQgUlNBIFRMUyBJc3N1aW5nIEFPQyBDQSAwMSIsIk1pY3Jvc29mdCBSU0EgUm9vdCBDZXJ0aWZpY2F0ZSBBdXRob3JpdHkgMjAxNyJdXSxbWyIqLmJsb2IuY29yZS53aW5kb3dzLm5ldCIsIk1pY3Jvc29mdCBSU0EgVExTIElzc3VpbmcgQU9DIENBIDAyIiwiTWljcm9zb2Z0IFJTQSBSb290IENlcnRpZmljYXRlIEF1dGhvcml0eSAyMDE3Il1dLFtbIiouYmxvYi5jb3JlLndpbmRvd3MubmV0IiwiTWljcm9zb2Z0IFJTQSBUTFMgSXNzdWluZyBFT0MgQ0EgMDEiLCJNaWNyb3NvZnQgUlNBIFJvb3QgQ2VydGlmaWNhdGUgQXV0aG9yaXR5IDIwMTciXV0sW1siKi5ibG9iLmNvcmUud2luZG93cy5uZXQiLCJNaWNyb3NvZnQgUlNBIFRMUyBJc3N1aW5nIEVPQyBDQSAwMiIsIk1pY3Jvc29mdCBSU0EgUm9vdCBDZXJ0aWZpY2F0ZSBBdXRob3JpdHkgMjAxNyJdXSxbWyIqLmJsb2IuY29yZS51c2dvdmNsb3VkYXBpLm5ldCIsIk1pY3Jvc29mdCBSU0EgVExTIElzc3VpbmcgQU9DIENBIDAxIiwiTWljcm9zb2Z0IFJTQSBSb290IENlcnRpZmljYXRlIEF1dGhvcml0eSAyMDE3Il1dLFtbIiouYmxvYi5jb3JlLnVzZ292Y2xvdWRhcGkubmV0IiwiTWljcm9zb2Z0IFJTQSBUTFMgSXNzdWluZyBBT0MgQ0EgMDIiLCJNaWNyb3NvZnQgUlNBIFJvb3QgQ2VydGlmaWNhdGUgQXV0aG9yaXR5IDIwMTciXV0sW1siKi5ibG9iLmNvcmUudXNnb3ZjbG91ZGFwaS5uZXQiLCJNaWNyb3NvZnQgUlNBIFRMUyBJc3N1aW5nIEVPQyBDQSAwMSIsIk1pY3Jvc29mdCBSU0EgUm9vdCBDZXJ0aWZpY2F0ZSBBdXRob3JpdHkgMjAxNyJdXSxbWyIqLmJsb2IuY29yZS51c2dvdmNsb3VkYXBpLm5ldCIsIk1pY3Jvc29mdCBSU0EgVExTIElzc3VpbmcgRU9DIENBIDAyIiwiTWljcm9zb2Z0IFJTQSBSb290IENlcnRpZmljYXRlIEF1dGhvcml0eSAyMDE3Il1dLFtbIiouYmxvYi5jb3JlLndpbmRvd3MubmV0IiwiTWljcm9zb2Z0IEVDQyBUTFMgSXNzdWluZyBBT0MgQ0EgMDEiLCJNaWNyb3NvZnQgRUNDIFJvb3QgQ2VydGlmaWNhdGUgQXV0aG9yaXR5IDIwMTciXV0sW1siKi5ibG9iLmNvcmUud2luZG93cy5uZXQiLCJNaWNyb3NvZnQgRUNDIFRMUyBJc3N1aW5nIEFPQyBDQSAwMiIsIk1pY3Jvc29mdCBFQ0MgUm9vdCBDZXJ0aWZpY2F0ZSBBdXRob3JpdHkgMjAxNyJdXSxbWyIqLmJsb2IuY29yZS53aW5kb3dzLm5ldCIsIk1pY3Jvc29mdCBFQ0MgVExTIElzc3VpbmcgRU9DIENBIDAxIiwiTWljcm9zb2Z0IEVDQyBSb290IENlcnRpZmljYXRlIEF1dGhvcml0eSAyMDE3Il1dLFtbIiouYmxvYi5jb3JlLndpbmRvd3MubmV0IiwiTWljcm9zb2Z0IEVDQyBUTFMgSXNzdWluZyBFT0MgQ0EgMDIiLCJNaWNyb3NvZnQgRUNDIFJvb3QgQ2VydGlmaWNhdGUgQXV0aG9yaXR5IDIwMTciXV0sW1siKi5ibG9iLmNvcmUudXNnb3ZjbG91ZGFwaS5uZXQiLCJNaWNyb3NvZnQgRUNDIFRMUyBJc3N1aW5nIEFPQyBDQSAwMSIsIk1pY3Jvc29mdCBFQ0MgUm9vdCBDZXJ0aWZpY2F0ZSBBdXRob3JpdHkgMjAxNyJdXSxbWyIqLmJsb2IuY29yZS51c2dvdmNsb3VkYXBpLm5ldCIsIk1pY3Jvc29mdCBFQ0MgVExTIElzc3VpbmcgQU9DIENBIDAyIiwiTWljcm9zb2Z0IEVDQyBSb290IENlcnRpZmljYXRlIEF1dGhvcml0eSAyMDE3Il1dLFtbIiouYmxvYi5jb3JlLnVzZ292Y2xvdWRhcGkubmV0IiwiTWljcm9zb2Z0IEVDQyBUTFMgSXNzdWluZyBFT0MgQ0EgMDEiLCJNaWNyb3NvZnQgRUNDIFJvb3QgQ2VydGlmaWNhdGUgQXV0aG9yaXR5IDIwMTciXV0sW1siKi5ibG9iLmNvcmUudXNnb3ZjbG91ZGFwaS5uZXQiLCJNaWNyb3NvZnQgRUNDIFRMUyBJc3N1aW5nIEVPQyBDQSAwMiIsIk1pY3Jvc29mdCBFQ0MgUm9vdCBDZXJ0aWZpY2F0ZSBBdXRob3JpdHkgMjAxNyJdXSxbWyIqLmVuZHBvaW50LnNlY3VyaXR5Lm1pY3Jvc29mdC5jb20iLCJNaWNyb3NvZnQgU2VjdXJlIFNlcnZlciBDQSAyMDExIiwiTWljcm9zb2Z0IFJvb3QgQ2VydGlmaWNhdGUgQXV0aG9yaXR5IDIwMTEiXV0sW1siKi5jYW4uZW5kcG9pbnQuc2VjdXJpdHkubWljcm9zb2Z0LmNvbSIsIk1pY3Jvc29mdCBTZWN1cmUgU2VydmVyIENBIDIwMTEiLCJNaWNyb3NvZnQgUm9vdCBDZXJ0aWZpY2F0ZSBBdXRob3JpdHkgMjAxMSJdXSxbWyIqLnVzLmVuZHBvaW50LnNlY3VyaXR5Lm1pY3Jvc29mdC5jb20iLCJNaWNyb3NvZnQgU2VjdXJlIFNlcnZlciBDQSAyMDExIiwiTWljcm9zb2Z0IFJvb3QgQ2VydGlmaWNhdGUgQXV0aG9yaXR5IDIwMTEiXV0sW1siKi5ldS5lbmRwb2ludC5zZWN1cml0eS5taWNyb3NvZnQuY29tIiwiTWljcm9zb2Z0IFNlY3VyZSBTZXJ2ZXIgQ0EgMjAxMSIsIk1pY3Jvc29mdCBSb290IENlcnRpZmljYXRlIEF1dGhvcml0eSAyMDExIl1dLFtbIioudWsuZW5kcG9pbnQuc2VjdXJpdHkubWljcm9zb2Z0LmNvbSIsIk1pY3Jvc29mdCBTZWN1cmUgU2VydmVyIENBIDIwMTEiLCJNaWNyb3NvZnQgUm9vdCBDZXJ0aWZpY2F0ZSBBdXRob3JpdHkgMjAxMSJdXSxbWyIqLmF1LmVuZHBvaW50LnNlY3VyaXR5Lm1pY3Jvc29mdC5jb20iLCJNaWNyb3NvZnQgU2VjdXJlIFNlcnZlciBDQSAyMDExIiwiTWljcm9zb2Z0IFJvb3QgQ2VydGlmaWNhdGUgQXV0aG9yaXR5IDIwMTEiXV1dLCJFbmFibGVTbGVlcFN1c3BlbnNpb24iOjEsIk1hY2hpbmVJRCI6IjA0MmQ1ZDlmM2FkZGY4OTM3NjcyNDMxYzM1MWU1MmU5OTI5MmUwZjIiLCJPcmdJZCI6ImMzZDdmOWUwLWFhNDEtNGNhYy1iNmQ1LTc2MjhiZTVmZDgzZSIsIlJ1blBzU2NyaXB0QWN0aW9uQ29uZmlnIjp7ImVuYWJsZSI6dHJ1ZX0sIlRydXN0ZWRDZXJ0aWZpY2F0ZXNDaGFpbnMiOltbWyIqLmJsb2IuY29yZS53aW5kb3dzLm5ldCIsIk1pY3Jvc29mdCBSU0EgVExTIENBIDAxIiwiQmFsdGltb3JlIEN5YmVyVHJ1c3QgUm9vdCJdXSxbWyIqLmJsb2IuY29yZS53aW5kb3dzLm5ldCIsIk1pY3Jvc29mdCBSU0EgVExTIENBIDAyIiwiQmFsdGltb3JlIEN5YmVyVHJ1c3QgUm9vdCJdXSxbWyIqLmJsb2IuY29yZS51c2dvdmNsb3VkYXBpLm5ldCIsIk1pY3Jvc29mdCBSU0EgVExTIENBIDAxIiwiQmFsdGltb3JlIEN5YmVyVHJ1c3QgUm9vdCJdXSxbWyIqLmJsb2IuY29yZS51c2dvdmNsb3VkYXBpLm5ldCIsIk1pY3Jvc29mdCBSU0EgVExTIENBIDAyIiwiQmFsdGltb3JlIEN5YmVyVHJ1c3QgUm9vdCJdXSxbWyIqLmJsb2IuY29yZS53aW5kb3dzLm5ldCIsIk1pY3Jvc29mdCBBenVyZSBUTFMgSXNzdWluZyBDQSAwMSIsIkRpZ2lDZXJ0IEdsb2JhbCBSb290IEcyIl1dLFtbIiouYmxvYi5jb3JlLndpbmRvd3MubmV0IiwiTWljcm9zb2Z0IEF6dXJlIFRMUyBJc3N1aW5nIENBIDAyIiwiRGlnaUNlcnQgR2xvYmFsIFJvb3QgRzIiXV0sW1siKi5ibG9iLmNvcmUud2luZG93cy5uZXQiLCJNaWNyb3NvZnQgQXp1cmUgVExTIElzc3VpbmcgQ0EgMDUiLCJEaWdpQ2VydCBHbG9iYWwgUm9vdCBHMiJdXSxbWyIqLmJsb2IuY29yZS53aW5kb3dzLm5ldCIsIk1pY3Jvc29mdCBBenVyZSBUTFMgSXNzdWluZyBDQSAwNiIsIkRpZ2lDZXJ0IEdsb2JhbCBSb290IEcyIl1dLFtbIiouYmxvYi5jb3JlLnVzZ292Y2xvdWRhcGkubmV0IiwiTWljcm9zb2Z0IEF6dXJlIFRMUyBJc3N1aW5nIENBIDAxIiwiRGlnaUNlcnQgR2xvYmFsIFJvb3QgRzIiXV0sW1siKi5ibG9iLmNvcmUudXNnb3ZjbG91ZGFwaS5uZXQiLCJNaWNyb3NvZnQgQXp1cmUgVExTIElzc3VpbmcgQ0EgMDIiLCJEaWdpQ2VydCBHbG9iYWwgUm9vdCBHMiJdXSxbWyIqLmJsb2IuY29yZS51c2dvdmNsb3VkYXBpLm5ldCIsIk1pY3Jvc29mdCBBenVyZSBUTFMgSXNzdWluZyBDQSAwNSIsIkRpZ2lDZXJ0IEdsb2JhbCBSb290IEcyIl1dLFtbIiouYmxvYi5jb3JlLnVzZ292Y2xvdWRhcGkubmV0IiwiTWljcm9zb2Z0IEF6dXJlIFRMUyBJc3N1aW5nIENBIDA2IiwiRGlnaUNlcnQgR2xvYmFsIFJvb3QgRzIiXV0sW1siKi5ibG9iLmNvcmUud2luZG93cy5uZXQiLCJNaWNyb3NvZnQgQXp1cmUgUlNBIFRMUyBJc3N1aW5nIENBIDAzIiwiRGlnaUNlcnQgR2xvYmFsIFJvb3QgRzIiXV0sW1siKi5ibG9iLmNvcmUud2luZG93cy5uZXQiLCJNaWNyb3NvZnQgQXp1cmUgUlNBIFRMUyBJc3N1aW5nIENBIDA0IiwiRGlnaUNlcnQgR2xvYmFsIFJvb3QgRzIiXV0sW1siKi5ibG9iLmNvcmUud2luZG93cy5uZXQiLCJNaWNyb3NvZnQgQXp1cmUgUlNBIFRMUyBJc3N1aW5nIENBIDA3IiwiRGlnaUNlcnQgR2xvYmFsIFJvb3QgRzIiXV0sW1siKi5ibG9iLmNvcmUud2luZG93cy5uZXQiLCJNaWNyb3NvZnQgQXp1cmUgUlNBIFRMUyBJc3N1aW5nIENBIDA4IiwiRGlnaUNlcnQgR2xvYmFsIFJvb3QgRzIiXV0sW1siKi5ibG9iLmNvcmUudXNnb3ZjbG91ZGFwaS5uZXQiLCJNaWNyb3NvZnQgQXp1cmUgUlNBIFRMUyBJc3N1aW5nIENBIDAzIiwiRGlnaUNlcnQgR2xvYmFsIFJvb3QgRzIiXV0sW1siKi5ibG9iLmNvcmUudXNnb3ZjbG91ZGFwaS5uZXQiLCJNaWNyb3NvZnQgQXp1cmUgUlNBIFRMUyBJc3N1aW5nIENBIDA0IiwiRGlnaUNlcnQgR2xvYmFsIFJvb3QgRzIiXV0sW1siKi5ibG9iLmNvcmUudXNnb3ZjbG91ZGFwaS5uZXQiLCJNaWNyb3NvZnQgQXp1cmUgUlNBIFRMUyBJc3N1aW5nIENBIDA3IiwiRGlnaUNlcnQgR2xvYmFsIFJvb3QgRzIiXV0sW1siKi5ibG9iLmNvcmUudXNnb3ZjbG91ZGFwaS5uZXQiLCJNaWNyb3NvZnQgQXp1cmUgUlNBIFRMUyBJc3N1aW5nIENBIDA4IiwiRGlnaUNlcnQgR2xvYmFsIFJvb3QgRzIiXV0sW1siKi5ibG9iLmNvcmUud2luZG93cy5uZXQiLCJNaWNyb3NvZnQgUlNBIFRMUyBJc3N1aW5nIEFPQyBDQSAwMSIsIk1pY3Jvc29mdCBSU0EgUm9vdCBDZXJ0aWZpY2F0ZSBBdXRob3JpdHkgMjAxNyJdXSxbWyIqLmJsb2IuY29yZS53aW5kb3dzLm5ldCIsIk1pY3Jvc29mdCBSU0EgVExTIElzc3VpbmcgQU9DIENBIDAyIiwiTWljcm9zb2Z0IFJTQSBSb290IENlcnRpZmljYXRlIEF1dGhvcml0eSAyMDE3Il1dLFtbIiouYmxvYi5jb3JlLndpbmRvd3MubmV0IiwiTWljcm9zb2Z0IFJTQSBUTFMgSXNzdWluZyBFT0MgQ0EgMDEiLCJNaWNyb3NvZnQgUlNBIFJvb3QgQ2VydGlmaWNhdGUgQXV0aG9yaXR5IDIwMTciXV0sW1siKi5ibG9iLmNvcmUud2luZG93cy5uZXQiLCJNaWNyb3NvZnQgUlNBIFRMUyBJc3N1aW5nIEVPQyBDQSAwMiIsIk1pY3Jvc29mdCBSU0EgUm9vdCBDZXJ0aWZpY2F0ZSBBdXRob3JpdHkgMjAxNyJdXSxbWyIqLmJsb2IuY29yZS51c2dvdmNsb3VkYXBpLm5ldCIsIk1pY3Jvc29mdCBSU0EgVExTIElzc3VpbmcgQU9DIENBIDAxIiwiTWljcm9zb2Z0IFJTQSBSb290IENlcnRpZmljYXRlIEF1dGhvcml0eSAyMDE3Il1dLFtbIiouYmxvYi5jb3JlLnVzZ292Y2xvdWRhcGkubmV0IiwiTWljcm9zb2Z0IFJTQSBUTFMgSXNzdWluZyBBT0MgQ0EgMDIiLCJNaWNyb3NvZnQgUlNBIFJvb3QgQ2VydGlmaWNhdGUgQXV0aG9yaXR5IDIwMTciXV0sW1siKi5ibG9iLmNvcmUudXNnb3ZjbG91ZGFwaS5uZXQiLCJNaWNyb3NvZnQgUlNBIFRMUyBJc3N1aW5nIEVPQyBDQSAwMSIsIk1pY3Jvc29mdCBSU0EgUm9vdCBDZXJ0aWZpY2F0ZSBBdXRob3JpdHkgMjAxNyJdXSxbWyIqLmJsb2IuY29yZS51c2dvdmNsb3VkYXBpLm5ldCIsIk1pY3Jvc29mdCBSU0EgVExTIElzc3VpbmcgRU9DIENBIDAyIiwiTWljcm9zb2Z0IFJTQSBSb290IENlcnRpZmljYXRlIEF1dGhvcml0eSAyMDE3Il1dLFtbIiouYmxvYi5jb3JlLndpbmRvd3MubmV0IiwiTWljcm9zb2Z0IEVDQyBUTFMgSXNzdWluZyBBT0MgQ0EgMDEiLCJNaWNyb3NvZnQgRUNDIFJvb3QgQ2VydGlmaWNhdGUgQXV0aG9yaXR5IDIwMTciXV0sW1siKi5ibG9iLmNvcmUud2luZG93cy5uZXQiLCJNaWNyb3NvZnQgRUNDIFRMUyBJc3N1aW5nIEFPQyBDQSAwMiIsIk1pY3Jvc29mdCBFQ0MgUm9vdCBDZXJ0aWZpY2F0ZSBBdXRob3JpdHkgMjAxNyJdXSxbWyIqLmJsb2IuY29yZS53aW5kb3dzLm5ldCIsIk1pY3Jvc29mdCBFQ0MgVExTIElzc3VpbmcgRU9DIENBIDAxIiwiTWljcm9zb2Z0IEVDQyBSb290IENlcnRpZmljYXRlIEF1dGhvcml0eSAyMDE3Il1dLFtbIiouYmxvYi5jb3JlLndpbmRvd3MubmV0IiwiTWljcm9zb2Z0IEVDQyBUTFMgSXNzdWluZyBFT0MgQ0EgMDIiLCJNaWNyb3NvZnQgRUNDIFJvb3QgQ2VydGlmaWNhdGUgQXV0aG9yaXR5IDIwMTciXV0sW1siKi5ibG9iLmNvcmUudXNnb3ZjbG91ZGFwaS5uZXQiLCJNaWNyb3NvZnQgRUNDIFRMUyBJc3N1aW5nIEFPQyBDQSAwMSIsIk1pY3Jvc29mdCBFQ0MgUm9vdCBDZXJ0aWZpY2F0ZSBBdXRob3JpdHkgMjAxNyJdXSxbWyIqLmJsb2IuY29yZS51c2dvdmNsb3VkYXBpLm5ldCIsIk1pY3Jvc29mdCBFQ0MgVExTIElzc3VpbmcgQU9DIENBIDAyIiwiTWljcm9zb2Z0IEVDQyBSb290IENlcnRpZmljYXRlIEF1dGhvcml0eSAyMDE3Il1dLFtbIiouYmxvYi5jb3JlLnVzZ292Y2xvdWRhcGkubmV0IiwiTWljcm9zb2Z0IEVDQyBUTFMgSXNzdWluZyBFT0MgQ0EgMDEiLCJNaWNyb3NvZnQgRUNDIFJvb3QgQ2VydGlmaWNhdGUgQXV0aG9yaXR5IDIwMTciXV0sW1siKi5ibG9iLmNvcmUudXNnb3ZjbG91ZGFwaS5uZXQiLCJNaWNyb3NvZnQgRUNDIFRMUyBJc3N1aW5nIEVPQyBDQSAwMiIsIk1pY3Jvc29mdCBFQ0MgUm9vdCBDZXJ0aWZpY2F0ZSBBdXRob3JpdHkgMjAxNyJdXSxbWyIqLmVuZHBvaW50LnNlY3VyaXR5Lm1pY3Jvc29mdC5jb20iLCJNaWNyb3NvZnQgU2VjdXJlIFNlcnZlciBDQSAyMDExIiwiTWljcm9zb2Z0IFJvb3QgQ2VydGlmaWNhdGUgQXV0aG9yaXR5IDIwMTEiXV0sW1siKi5jYW4uZW5kcG9pbnQuc2VjdXJpdHkubWljcm9zb2Z0LmNvbSIsIk1pY3Jvc29mdCBTZWN1cmUgU2VydmVyIENBIDIwMTEiLCJNaWNyb3NvZnQgUm9vdCBDZXJ0aWZpY2F0ZSBBdXRob3JpdHkgMjAxMSJdXSxbWyIqLnVzLmVuZHBvaW50LnNlY3VyaXR5Lm1pY3Jvc29mdC5jb20iLCJNaWNyb3NvZnQgU2VjdXJlIFNlcnZlciBDQSAyMDExIiwiTWljcm9zb2Z0IFJvb3QgQ2VydGlmaWNhdGUgQXV0aG9yaXR5IDIwMTEiXV0sW1siKi5ldS5lbmRwb2ludC5zZWN1cml0eS5taWNyb3NvZnQuY29tIiwiTWljcm9zb2Z0IFNlY3VyZSBTZXJ2ZXIgQ0EgMjAxMSIsIk1pY3Jvc29mdCBSb290IENlcnRpZmljYXRlIEF1dGhvcml0eSAyMDExIl1dLFtbIioudWsuZW5kcG9pbnQuc2VjdXJpdHkubWljcm9zb2Z0LmNvbSIsIk1pY3Jvc29mdCBTZWN1cmUgU2VydmVyIENBIDIwMTEiLCJNaWNyb3NvZnQgUm9vdCBDZXJ0aWZpY2F0ZSBBdXRob3JpdHkgMjAxMSJdXSxbWyIqLmF1LmVuZHBvaW50LnNlY3VyaXR5Lm1pY3Jvc29mdC5jb20iLCJNaWNyb3NvZnQgU2VjdXJlIFNlcnZlciBDQSAyMDExIiwiTWljcm9zb2Z0IFJvb3QgQ2VydGlmaWNhdGUgQXV0aG9yaXR5IDIwMTEiXV1dLCJhY2NlcHRTaW11bGF0b3JTaWduaW5nIjowfQ==""","SenseIR.exe","C:\Program Files\Windows Defender Advanced Threat Protection",30144,999,ce18eb31363ad5fe5da99329dea4d623,"\Device\HarddiskVolume4\Program Files\Windows Defender Advanced Threat Protection\MsSense.exe",5936,bd59f497124e9c865cf6db95d8f169030c36a129,2612c9508fd0299a27dabbe49d48da66b1e6545f4e94ee6b86de2adf7c156887,,,,60e18f7b8d1f43731d0e9169c2d16547,,,884,TokenElevationTypeDefault,,,,,,,,117856,83ebb66f070956225959ee773b468f89ed55479c,,"30/10/2024, 20:02:46.192","30/10/2024, 20:02:46.192",60640,"30/10/2024, 20:01:27.504",4947464,"28/10/2024, 05:42:37.488","Microsoft Corporation","Windows Defender Advanced Threat Protection Sense IR module","SenseIR.exe","SenseIR.exe","Microsoft® Windows® Operating System","10.8760.27617.1006","28/10/2024, 05:42:31.791",,false,,,0,false,,,,DeviceEvents
"0d5eeaad-cb89-457a-ae38-d182066dd724",,,,DpapiAccessed,"{""CallerProcessID"":31440,""Flags"":""CRYPTPROTECT_UI_FORBIDDEN"",""MasterKeyGUID"":""80069123-080d-4ada-8e33-1f09ee8d8f73"",""OperationType"":""SPCryptUnprotect"",""ReturnValue"":0}",,042d5d9f3addf8937672431c351e52e99292e0f2,"SOC-Test-EP",,,,,"nt authority",system,,"S-1-5-18",,"""omadmclient.exe"" /serverid ""C8D703CF-B402-42ED-A0B8-1EB2367F4013"" /lookuptype 1 /initiator 0","omadmclient.exe","c:\windows\system32\omadmclient.exe",31440,999,29cb015c6a56251916eb3cc2459635a6,"svchost.exe",1772,cb72b3d5b288b967fdb8aa8eebd6aae0e8a6ed7d,b575912ab72113ba965b59fa292c8d738822f936936076e018e49dedffec8e50,,,,,,,,,,,,,,,,117819,,,"30/10/2024, 20:02:17.814","30/10/2024, 20:02:17.814",2637,"30/10/2024, 20:02:13.490",478208,"28/10/2024, 05:42:33.071","Microsoft Corporation","Host Process for OMA-DM Client",omadmclient,"omadmclient.exe","Microsoft® Windows® Operating System","10.0.19041.4842",,,false,,,0,false,,,,DeviceEvents
"0d5eeaad-cb89-457a-ae38-d182066dd724",,,,DpapiAccessed,"{""CallerProcessID"":31440,""Flags"":""CRYPTPROTECT_UI_FORBIDDEN"",""MasterKeyGUID"":""d48acc0c-a767-4453-845d-7fcd9551269a"",""OperationType"":""SPCryptUnprotect"",""ReturnValue"":0}",,042d5d9f3addf8937672431c351e52e99292e0f2,"SOC-Test-EP",,,,,"nt authority",system,,"S-1-5-18",,"""omadmclient.exe"" /serverid ""C8D703CF-B402-42ED-A0B8-1EB2367F4013"" /lookuptype 1 /initiator 0","omadmclient.exe","c:\windows\system32\omadmclient.exe",31440,999,29cb015c6a56251916eb3cc2459635a6,"svchost.exe",1772,cb72b3d5b288b967fdb8aa8eebd6aae0e8a6ed7d,b575912ab72113ba965b59fa292c8d738822f936936076e018e49dedffec8e50,,,,,,,,,,,,,,,,117818,,,"30/10/2024, 20:02:17.803","30/10/2024, 20:02:17.803",6461,"30/10/2024, 20:02:13.490",478208,"28/10/2024, 05:42:33.071","Microsoft Corporation","Host Process for OMA-DM Client",omadmclient,"omadmclient.exe","Microsoft® Windows® Operating System","10.0.19041.4842",,,false,,,0,false,,,,DeviceEvents
"0d5eeaad-cb89-457a-ae38-d182066dd724",,,,DpapiAccessed,"{""CallerProcessID"":31440,""Flags"":""CRYPTPROTECT_UI_FORBIDDEN"",""MasterKeyGUID"":""80069123-080d-4ada-8e33-1f09ee8d8f73"",""OperationType"":""SPCryptProtect"",""ReturnValue"":0}",,042d5d9f3addf8937672431c351e52e99292e0f2,"SOC-Test-EP",,,,,"nt authority",system,,"S-1-5-18",,"""omadmclient.exe"" /serverid ""C8D703CF-B402-42ED-A0B8-1EB2367F4013"" /lookuptype 1 /initiator 0","omadmclient.exe","c:\windows\system32\omadmclient.exe",31440,999,29cb015c6a56251916eb3cc2459635a6,"svchost.exe",1772,cb72b3d5b288b967fdb8aa8eebd6aae0e8a6ed7d,b575912ab72113ba965b59fa292c8d738822f936936076e018e49dedffec8e50,,,,,,,,,,,,,,,,117811,,,"30/10/2024, 20:02:17.764","30/10/2024, 20:02:17.764",2637,"30/10/2024, 20:02:13.490",478208,"28/10/2024, 05:42:33.071","Microsoft Corporation","Host Process for OMA-DM Client",omadmclient,"omadmclient.exe","Microsoft® Windows® Operating System","10.0.19041.4842",,,false,,,0,false,,,,DeviceEvents
"0d5eeaad-cb89-457a-ae38-d182066dd724",,,,DpapiAccessed,"{""CallerProcessID"":31440,""Flags"":""CRYPTPROTECT_UI_FORBIDDEN"",""MasterKeyGUID"":""d48acc0c-a767-4453-845d-7fcd9551269a"",""OperationType"":""SPCryptProtect"",""ReturnValue"":0}",,042d5d9f3addf8937672431c351e52e99292e0f2,"SOC-Test-EP",,,,,"nt authority",system,,"S-1-5-18",,"""omadmclient.exe"" /serverid ""C8D703CF-B402-42ED-A0B8-1EB2367F4013"" /lookuptype 1 /initiator 0","omadmclient.exe","c:\windows\system32\omadmclient.exe",31440,999,29cb015c6a56251916eb3cc2459635a6,"svchost.exe",1772,cb72b3d5b288b967fdb8aa8eebd6aae0e8a6ed7d,b575912ab72113ba965b59fa292c8d738822f936936076e018e49dedffec8e50,,,,,,,,,,,,,,,,117808,,,"30/10/2024, 20:02:16.671","30/10/2024, 20:02:16.671",6461,"30/10/2024, 20:02:13.490",478208,"28/10/2024, 05:42:33.071","Microsoft Corporation","Host Process for OMA-DM Client",omadmclient,"omadmclient.exe","Microsoft® Windows® Operating System","10.0.19041.4842",,,false,,,0,false,,,,DeviceEvents
"0d5eeaad-cb89-457a-ae38-d182066dd724",,,,UsbDriveMounted,"{""DriveLetter"":""E:"",""BusType"":11,""ProductName"":""DVDRAM GH24NSD0 "",""ProductRevision"":""LH00"",""Manufacturer"":""HL-DT-ST"",""Volume"":""\\\\?\\Volume{6a498bd9-9975-11e9-95ad-806e6f6e6963}"",""LoggedOnUsers"":[""nicky.govender@conosco.com""]}",,042d5d9f3addf8937672431c351e52e99292e0f2,"SOC-Test-EP",,,,,"conosco.com","nicky.govender",,,"nicky.govender@conosco.com",,,,,,,,,,,,,,,,,,,,,,,,,,117775,,,"30/10/2024, 20:01:57.155","30/10/2024, 20:01:57.155",,,,,,,,,,,,,false,,,,false,,,,DeviceEvents
"0d5eeaad-cb89-457a-ae38-d182066dd724",,,,UsbDriveMounted,"{""DriveLetter"":""F:"",""BusType"":7,""ProductName"":""Elements 2621   "",""ProductRevision"":""1026"",""Manufacturer"":""WD      "",""Volume"":""\\\\?\\Volume{3d8cd02e-2157-468d-b3ef-4d27a002a067}"",""LoggedOnUsers"":[""nicky.govender@conosco.com""],""SerialNumber"":""WXE2A20854NF    ""}",,042d5d9f3addf8937672431c351e52e99292e0f2,"SOC-Test-EP",,,,,"conosco.com","nicky.govender",,,"nicky.govender@conosco.com",,,,,,,,,,,,,,,,,,,,,,,,,,117774,,,"30/10/2024, 20:01:57.154","30/10/2024, 20:01:57.154",,,,,,,,,,,,,false,,,,false,,,,DeviceEvents
"0d5eeaad-cb89-457a-ae38-d182066dd724",,,,AntivirusReport,"{""WasExecutingWhileDetected"":false}",,042d5d9f3addf8937672431c351e52e99292e0f2,"SOC-Test-EP","ChakraCore.dll",,,"C:\Program Files (x86)\Egnyte Connect",,,,,,,,,,,,,,,,,,,845962f5eaee05bdc5863f287ff23ad0,,,,,,,,,,,,1799431905,501d07eb70bfe98ad9d396ca8d11c92dc0b7d552,,"30/10/2024, 20:01:41.765","30/10/2024, 20:01:41.765",,,,,,,,,,,,,false,,,,false,,,,DeviceEvents
"0d5eeaad-cb89-457a-ae38-d182066dd724",,,,AntivirusReport,"{""WasExecutingWhileDetected"":false}",,042d5d9f3addf8937672431c351e52e99292e0f2,"SOC-Test-EP","WindowsDefenderATPOffboardingScript_valid_until_2024-11-05.cmd",,,"C:\Users\nicky.govender.MPCLONDON\Downloads\MDE offboard",,,,,,,,,,,,,,,,,,,10de0a0b704e9928ba00b8e5f2770325,,,,,,,,,,,,1799431886,974419339291416a2e7468a6034a285a2adb02c8,,"30/10/2024, 20:01:41.765","30/10/2024, 20:01:41.765",,,,,,,,,,,,,false,,,,false,,,,DeviceEvents
"0d5eeaad-cb89-457a-ae38-d182066dd724",,,,AntivirusReport,"{""WasExecutingWhileDetected"":false,""Signer"":""Mozilla Corporation""}",,042d5d9f3addf8937672431c351e52e99292e0f2,"SOC-Test-EP","Firefox Installer.exe",,,"F:\310724",,,,,,,,,,,,,,,,,,,c6832075ef5aa72e603db70f228f1bc7,,,,,,,,,,,,1799431878,e17b654b5f4b61d5c6d649361bfe2354d4a90bfc,,"30/10/2024, 20:01:41.765","30/10/2024, 20:01:41.765",,,,,,,,,,,,,false,,,,false,,,,DeviceEvents
"0d5eeaad-cb89-457a-ae38-d182066dd724",,,,AntivirusReport,"{""WasExecutingWhileDetected"":false}",,042d5d9f3addf8937672431c351e52e99292e0f2,"SOC-Test-EP","GatewayWindowsDefenderATPOnboardingPackage (1).zip",,,"F:\091024\autosmart",,,,,,,,,,,,,,,,,,,42f339742866cda38ca73c703617c2ac,,,,,,,,,,,,1799431882,516aef3164206209f9c9ad6b3fc83514fabea917,,"30/10/2024, 20:01:41.765","30/10/2024, 20:01:41.765",,,,,,,,,,,,,false,,,,false,,,,DeviceEvents
"0d5eeaad-cb89-457a-ae38-d182066dd724",,,,AntivirusReport,"{""WasExecutingWhileDetected"":false,""Signer"":""Google LLC""}",,042d5d9f3addf8937672431c351e52e99292e0f2,"SOC-Test-EP","ChromeSetup.exe",,,"F:\091024",,,,,,,,,,,,,,,,,,,4e87ae4fe39e7b381565a7869d550247,,,,,,,,,,,,1799431880,ea0fcaed75d5703b8ae48b960fa156ea56ad67fb,,"30/10/2024, 20:01:41.765","30/10/2024, 20:01:41.765",,,,,,,,,,,,,false,,,,false,,,,DeviceEvents
"0d5eeaad-cb89-457a-ae38-d182066dd724",,,,AntivirusReport,"{""WasExecutingWhileDetected"":false}",,042d5d9f3addf8937672431c351e52e99292e0f2,"SOC-Test-EP",Preferences,,,"C:\Users\nicky.govender.MPCLONDON\AppData\Local\Google\Chrome\User Data\Default",,,,,,,,,,,,,,,,,,,ac8aeb8b25b87d92cd3e58d29a7292fc,,,,,,,,,,,,1799431890,6b8cada03836b6dc55dacef8804db3bc21d41bba,,"30/10/2024, 20:01:41.765","30/10/2024, 20:01:41.765",,,,,,,,,,,,,false,,,,false,,,,DeviceEvents
"0d5eeaad-cb89-457a-ae38-d182066dd724",,,,AntivirusReport,"{""WasExecutingWhileDetected"":false}",,042d5d9f3addf8937672431c351e52e99292e0f2,"SOC-Test-EP","1b8976aca8d360a6_0",,,"C:\Users\nicky.govender.MPCLONDON\AppData\Roaming\RingCentral\Service Worker\CacheStorage\8d7d97bb3b3795ff0a7e14a877d89c872b5b0f2d\18a539c4-02d2-401b-b0c4-9f427a12448e",,,,,,,,,,,,,,,,,,,26bd78ad6382b87484254abe5c02782b,,,,,,,,,,,,1799431888,1702567575d0ddaf875bdb19a864ad3daa514af2,,"30/10/2024, 20:01:41.765","30/10/2024, 20:01:41.765",,,,,,,,,,,,,false,,,,false,,,,DeviceEvents
"0d5eeaad-cb89-457a-ae38-d182066dd724",,,,AntivirusReport,"{""WasExecutingWhileDetected"":false,""Signer"":""Mimecast Services Limited""}",,042d5d9f3addf8937672431c351e52e99292e0f2,"SOC-Test-EP","Mimecast.Services.Windows.Model.dll",,,"C:\Program Files\Mimecast\Mimecast Windows Service",,,,,,,,,,,,,,,,,,,434841e328f87161ef02c4e27550fd74,,,,,,,,,,,,1799431903,8c6b57b6fe29bd1e73b2f1c5773e19dfbd8bce16,,"30/10/2024, 20:01:41.765","30/10/2024, 20:01:41.765",,,,,,,,,,,,,false,,,,false,,,,DeviceEvents
"0d5eeaad-cb89-457a-ae38-d182066dd724",,,,AntivirusReport,"{""WasExecutingWhileDetected"":false}",,042d5d9f3addf8937672431c351e52e99292e0f2,"SOC-Test-EP","eb6a2f.msi",,,"C:\Windows\Installer",,,,,,,,,,,,,,,,,,,845962f5eaee05bdc5863f287ff23ad0,,,,,,,,,,,,1799431892,501d07eb70bfe98ad9d396ca8d11c92dc0b7d552,,"30/10/2024, 20:01:41.765","30/10/2024, 20:01:41.765",,,,,,,,,,,,,false,,,,false,,,,DeviceEvents
"0d5eeaad-cb89-457a-ae38-d182066dd724",,,,AntivirusReport,"{""WasExecutingWhileDetected"":false,""Signer"":""Mimecast Services Limited""}",,042d5d9f3addf8937672431c351e52e99292e0f2,"SOC-Test-EP","bb52a.msi",,,"C:\Windows\Installer",,,,,,,,,,,,,,,,,,,434841e328f87161ef02c4e27550fd74,,,,,,,,,,,,1799431896,8c6b57b6fe29bd1e73b2f1c5773e19dfbd8bce16,,"30/10/2024, 20:01:41.765","30/10/2024, 20:01:41.765",,,,,,,,,,,,,false,,,,false,,,,DeviceEvents
"0d5eeaad-cb89-457a-ae38-d182066dd724",,,,AntivirusReport,"{""WasExecutingWhileDetected"":false,""Signer"":""Mimecast Services Limited""}",,042d5d9f3addf8937672431c351e52e99292e0f2,"SOC-Test-EP","45a64.msi",,,"C:\Windows\Installer",,,,,,,,,,,,,,,,,,,434841e328f87161ef02c4e27550fd74,,,,,,,,,,,,1799431899,8c6b57b6fe29bd1e73b2f1c5773e19dfbd8bce16,,"30/10/2024, 20:01:41.765","30/10/2024, 20:01:41.765",,,,,,,,,,,,,false,,,,false,,,,DeviceEvents
"0d5eeaad-cb89-457a-ae38-d182066dd724",,,,BrowserLaunchedToOpenUrl,"{}",,042d5d9f3addf8937672431c351e52e99292e0f2,"SOC-Test-EP",,,,,"nt authority",system,,"S-1-5-18",,"""SearchProtocolHost.exe"" Global\UsGthrFltPipeMssGthrPipe227_ Global\UsGthrCtrlFltPipeMssGthrPipe227 1 -2147483646 ""Software\Microsoft\Windows Search"" ""Mozilla/4.0 (compatible; MSIE 6.0; Windows NT; MS Search 4.0 Robot)"" ""C:\ProgramData\Microsoft\Search\Data\Temp\usgthrsvc"" ""DownLevelDaemon"" ","searchprotocolhost.exe","c:\windows\system32\searchprotocolhost.exe",8044,999,3d77ac41a2e23d5b834064e70f243151,"SearchIndexer.exe",7840,abebf9d96d187ac0499f482516e59a27ad32e721,ac305745a33befe9c24bd3ffa8e3533ec129d7188f6e92872d290b57d9169861,,,,,,,,,,,,,,,"C:\ProgramData\Microsoft\Windows\Start Menu\Programs\Dropbox\Dropbox.lnk",117686,,,"30/10/2024, 20:01:07.726","30/10/2024, 20:01:07.726",,"30/10/2024, 20:01:02.567",419328,"29/10/2024, 09:18:57.490","Microsoft Corporation","Microsoft Windows Search Protocol Host","SearchProtocolHost.exe","SearchProtocolHost.exe","Windows® Search","7.0.19041.4957",,,false,,,0,false,,,,DeviceEvents
"0d5eeaad-cb89-457a-ae38-d182066dd724",,,,ShellLinkCreateFileEvent,"{""FileSizeInBytes"":1259,""VolumeGuidPath"":""\\\\?\\Volume{3de9c8b6-c5e7-4bb5-9fd4-e5cee5b1ff55}"",""IsOnRemovableMedia"":false,""ShellLinkRunAsAdmin"":false,""ShellLinkWorkingDirectory"":""C:\\Program Files (x86)\\Dropbox\\Client"",""ShellLinkShowCommand"":""SW_SHOWNORMAL"",""ShellLinkCommandLine"":""/home""}",,042d5d9f3addf8937672431c351e52e99292e0f2,"SOC-Test-EP","Dropbox.lnk",,,"C:\ProgramData\Microsoft\Windows\Start Menu\Programs\Dropbox","nt authority",system,,"S-1-5-18",,"""Dropbox.exe"" /install /InstallType:MACHINE /InstallDir:""C:\Program Files (x86)\Dropbox\Client"" /KillEveryone:YES /IsAutoUpdate:YES ","dropbox.exe","c:\program files (x86)\dropbox\client_211.4.6008\dropbox.exe",31176,999,753ac519d70d245986cd0aaa5a5ef396,"DropboxClient_211.4.6008.x64.exe",33252,0d0d2165e2b927c673b5c4f104401ab6d197f887,db8d8b860a758f8f5c2dbe239e50df635375e315e092872d4b26348828ae2ff1,,,,f276e91c63a7f14396009cfcb6888502,,,,,,,,,,,,117360,183ec1c492461265079cc26a6c001e0ba88b8d78,6983233af7c486b51e536bcb7e708352de5f07405cef110ce51f084177c2fd64,"30/10/2024, 20:00:25.150","30/10/2024, 20:00:25.150",,"30/10/2024, 19:59:46.118",9235336,"30/10/2024, 19:58:31.522","Dropbox, Inc.",Dropbox,"Dropbox.exe","Dropbox.exe",Dropbox,"211.4.6008","30/10/2024, 20:00:25.071",,false,,,0,false,,,,DeviceEvents
"0d5eeaad-cb89-457a-ae38-d182066dd724",,,,BrowserLaunchedToOpenUrl,"{}",,042d5d9f3addf8937672431c351e52e99292e0f2,"SOC-Test-EP",,,,,"nt authority",system,,"S-1-5-18",,"""Dropbox.exe"" /install /InstallType:MACHINE /InstallDir:""C:\Program Files (x86)\Dropbox\Client"" /KillEveryone:YES /IsAutoUpdate:YES ","dropbox.exe","c:\program files (x86)\dropbox\client_211.4.6008\dropbox.exe",31176,999,753ac519d70d245986cd0aaa5a5ef396,"DropboxClient_211.4.6008.x64.exe",33252,0d0d2165e2b927c673b5c4f104401ab6d197f887,db8d8b860a758f8f5c2dbe239e50df635375e315e092872d4b26348828ae2ff1,,,,,,,,,,,,,,,"C:\ProgramData\Microsoft\Windows\Start Menu\Programs\Dropbox\Dropbox.lnk",117067,,,"30/10/2024, 20:00:25.090","30/10/2024, 20:00:25.090",,"30/10/2024, 19:59:46.118",9235336,"30/10/2024, 19:58:31.522","Dropbox, Inc.",Dropbox,"Dropbox.exe","Dropbox.exe",Dropbox,"211.4.6008",,,false,,,0,false,,,,DeviceEvents
"0d5eeaad-cb89-457a-ae38-d182066dd724",,,,ShellLinkCreateFileEvent,"{""FileSizeInBytes"":1259,""VolumeGuidPath"":""\\\\?\\Volume{3de9c8b6-c5e7-4bb5-9fd4-e5cee5b1ff55}"",""IsOnRemovableMedia"":false,""ShellLinkRunAsAdmin"":false,""ShellLinkWorkingDirectory"":""C:\\Program Files (x86)\\Dropbox\\Client"",""ShellLinkShowCommand"":""SW_SHOWNORMAL"",""ShellLinkCommandLine"":""/home""}",,042d5d9f3addf8937672431c351e52e99292e0f2,"SOC-Test-EP","Dropbox.lnk",,,"C:\ProgramData\Microsoft\Windows\Start Menu\Programs\Dropbox","nt authority",system,,"S-1-5-18",,"""Dropbox.exe"" /install /InstallType:MACHINE /InstallDir:""C:\Program Files (x86)\Dropbox\Client"" /KillEveryone:YES /IsAutoUpdate:YES ","dropbox.exe","c:\program files (x86)\dropbox\client_211.4.6008\dropbox.exe",31176,999,753ac519d70d245986cd0aaa5a5ef396,"DropboxClient_211.4.6008.x64.exe",33252,0d0d2165e2b927c673b5c4f104401ab6d197f887,db8d8b860a758f8f5c2dbe239e50df635375e315e092872d4b26348828ae2ff1,,,,f276e91c63a7f14396009cfcb6888502,,,,,,,,,,,,117359,183ec1c492461265079cc26a6c001e0ba88b8d78,6983233af7c486b51e536bcb7e708352de5f07405cef110ce51f084177c2fd64,"30/10/2024, 20:00:25.082","30/10/2024, 20:00:25.082",,"30/10/2024, 19:59:46.118",9235336,"30/10/2024, 19:58:31.522","Dropbox, Inc.",Dropbox,"Dropbox.exe","Dropbox.exe",Dropbox,"211.4.6008","30/10/2024, 20:00:25.071",,false,,,0,false,,,,DeviceEvents
"0d5eeaad-cb89-457a-ae38-d182066dd724",,,,OtherAlertRelatedActivity,"{""Description"":""Defender detected 'PUABundler:Win32/FusionCore' in file 'media.player.codec.pack.plus.v4.5.4.setup.exe' during a scheduled scan""}",,042d5d9f3addf8937672431c351e52e99292e0f2,"SOC-Test-EP","media.player.codec.pack.plus.v4.5.4.setup.exe",,,"F:\Study\Nicky Study\PCbackup\Downloads\media.player.codec.pack.plus.v4.5.4.setup.exe",,,,,,,,,,,,,,,,,,,8c8f55dc74f3e4db9b575f262938d9b9,,,,,,,,,,,,116919,e75bf17aaa22fedc2cbc4bed97905730afe3742c,35be81f4b7a2f3780f0860f74d5048bad1a320947289101dc6b5fdfc2cac54c0,"30/10/2024, 19:59:58.383","30/10/2024, 19:59:58.383",,,,,,,,,,,,,false,,,,false,,,,DeviceEvents
"0d5eeaad-cb89-457a-ae38-d182066dd724",,,,OtherAlertRelatedActivity,"{""Description"":""Defender detected 'PUATorrent:Win32/BitTorrent' in file 'uTorrent.exe' during a scheduled scan""}",,042d5d9f3addf8937672431c351e52e99292e0f2,"SOC-Test-EP","uTorrent.exe",,,"F:\Study\Study material\Network+\uTorrent.exe",,,,,,,,,,,,,,,,,,,0a76e7a7ea3857a751ba5ca5eda03b94,,,,,,,,,,,,116918,9a076d03ca34be4eace14c4c4e9372a673cb9aa8,1faa7c9dbc2d91db188cc65de7d60281f8efa25831c56b62ce49014796c710de,"30/10/2024, 19:59:58.383","30/10/2024, 19:59:58.383",,,,,,,,,,,,,false,,,,false,,,,DeviceEvents
"0d5eeaad-cb89-457a-ae38-d182066dd724",,,,OtherAlertRelatedActivity,"{""Description"":""Defender detected 'PUABundler:Win32/CandyOpen' in file 'KeyFinderInstaller.exe' during a scheduled scan""}",,042d5d9f3addf8937672431c351e52e99292e0f2,"SOC-Test-EP","KeyFinderInstaller.exe",,,"F:\Study\Nicky Study\PC_Data\Data\nickyg\Downloads\KeyFinderInstaller.exe",,,,,,,,,,,,,,,,,,,80f381187b6511739472b88d72b34206,,,,,,,,,,,,116917,10329743bab3aa7b2073c1962f3e16744967ea11,35e605862069aeb3d8413cd512ae05f2831f21f1f496c9cdb90d1c3b8a3cfb97,"30/10/2024, 19:59:58.383","30/10/2024, 19:59:58.383",,,,,,,,,,,,,false,,,,false,,,,DeviceEvents
"0d5eeaad-cb89-457a-ae38-d182066dd724",,,,OtherAlertRelatedActivity,"{""Description"":""Defender detected 'PUA:Win32/Dllkitster' in file 'dllkit-setup (1).exe' during a scheduled scan""}",,042d5d9f3addf8937672431c351e52e99292e0f2,"SOC-Test-EP","dllkit-setup (1).exe",,,"F:\Study\Nicky Study\PC_Data\Data\nickyg\Downloads\dllkit-setup (1).exe",,,,,,,,,,,,,,,,,,,477a376c09e17275fc6c9467ad2e804d,,,,,,,,,,,,116916,60c85b119d5340f1051693eba254b6dd322d18bc,45e20b9d19d96f3ea9a5f3e6d40043351195c05216a32ee0edefee21188bd0c2,"30/10/2024, 19:59:58.383","30/10/2024, 19:59:58.383",,,,,,,,,,,,,false,,,,false,,,,DeviceEvents
"0d5eeaad-cb89-457a-ae38-d182066dd724",,,,OtherAlertRelatedActivity,"{""Description"":""Defender detected 'PUA:Win32/Dllkitster' in file 'dllkit-setup.exe' during a scheduled scan""}",,042d5d9f3addf8937672431c351e52e99292e0f2,"SOC-Test-EP","dllkit-setup.exe",,,"F:\Study\Nicky Study\PC_Data\Data\nickyg\Downloads\dllkit-setup.exe",,,,,,,,,,,,,,,,,,,477a376c09e17275fc6c9467ad2e804d,,,,,,,,,,,,116915,60c85b119d5340f1051693eba254b6dd322d18bc,45e20b9d19d96f3ea9a5f3e6d40043351195c05216a32ee0edefee21188bd0c2,"30/10/2024, 19:59:58.383","30/10/2024, 19:59:58.383",,,,,,,,,,,,,false,,,,false,,,,DeviceEvents
"0d5eeaad-cb89-457a-ae38-d182066dd724",,,,AsrLsassCredentialTheftAudited,"{""IsAudit"":true,""RuleId"":""9e6c4e1f-7d60-472f-ba1a-a39ef669e4b2""}",,042d5d9f3addf8937672431c351e52e99292e0f2,"SOC-Test-EP","Dropbox.exe",,,"C:\Program Files (x86)\Dropbox\Client_211.4.6008","nt authority",system,,"S-1-5-18",,"""Dropbox.exe"" /install /InstallType:MACHINE /InstallDir:""C:\Program Files (x86)\Dropbox\Client"" /KillEveryone:YES /IsAutoUpdate:YES ","Dropbox.exe","C:\Program Files (x86)\Dropbox\Client_211.4.6008",31176,999,753ac519d70d245986cd0aaa5a5ef396,"\Device\HarddiskVolume4\Program Files (x86)\Dropbox\Update\Install\{6E476FFF-07D6-4C3E-8F1A-E3410DDD20F1}\DropboxClient_211.4.6008.x64.exe",33252,0d0d2165e2b927c673b5c4f104401ab6d197f887,db8d8b860a758f8f5c2dbe239e50df635375e315e092872d4b26348828ae2ff1,,,,753ac519d70d245986cd0aaa5a5ef396,,"""C:\Program Files (x86)\Dropbox\Client\..\Client_211.4.6008\Dropbox.exe"" /install /InstallType:MACHINE /InstallDir:""C:\Program Files (x86)\Dropbox\Client"" /KillEveryone:YES /IsAutoUpdate:YES ",,,,,,,,,,116814,0d0d2165e2b927c673b5c4f104401ab6d197f887,db8d8b860a758f8f5c2dbe239e50df635375e315e092872d4b26348828ae2ff1,"30/10/2024, 19:59:53.525","30/10/2024, 19:59:53.525",,"30/10/2024, 19:59:46.118",9235336,"30/10/2024, 19:58:31.522","Dropbox, Inc.",Dropbox,"Dropbox.exe","Dropbox.exe",Dropbox,"211.4.6008",,,false,,,0,false,,,,DeviceEvents
"0d5eeaad-cb89-457a-ae38-d182066dd724","nt authority",system,"S-1-5-18",OpenProcessApiCall,"{""DesiredAccess"":5136}",,042d5d9f3addf8937672431c351e52e99292e0f2,"SOC-Test-EP","lsass.exe",,,"C:\Windows\System32","nt authority",system,,"S-1-5-18",,"""Dropbox.exe"" /install /InstallType:MACHINE /InstallDir:""C:\Program Files (x86)\Dropbox\Client"" /KillEveryone:YES /IsAutoUpdate:YES ","Dropbox.exe","C:\Program Files (x86)\Dropbox\Client_211.4.6008",31176,999,753ac519d70d245986cd0aaa5a5ef396,"\Device\HarddiskVolume4\Program Files (x86)\Dropbox\Update\Install\{6E476FFF-07D6-4C3E-8F1A-E3410DDD20F1}\DropboxClient_211.4.6008.x64.exe",33252,0d0d2165e2b927c673b5c4f104401ab6d197f887,db8d8b860a758f8f5c2dbe239e50df635375e315e092872d4b26348828ae2ff1,,,,60e18f7b8d1f43731d0e9169c2d16547,,"lsass.exe",884,TokenElevationTypeDefault,,,,,,,,116813,83ebb66f070956225959ee773b468f89ed55479c,,"30/10/2024, 19:59:53.424","30/10/2024, 19:59:53.424",60640,"30/10/2024, 19:59:46.118",9235336,"30/10/2024, 19:58:31.522","Dropbox, Inc.",Dropbox,"Dropbox.exe","Dropbox.exe",Dropbox,"211.4.6008","28/10/2024, 05:42:31.791",,false,,,0,false,,,,DeviceEvents
"0d5eeaad-cb89-457a-ae38-d182066dd724",,,,AntivirusScanCompleted,"{""Domain"":""NT AUTHORITY"",""ScanId"":""{E6841F3E-D47E-4064-922E-9943E9DCE8F4}"",""ScanParametersIndex"":""2"",""ScanTypeIndex"":""Full"",""User"":""SYSTEM""}",,042d5d9f3addf8937672431c351e52e99292e0f2,"SOC-Test-EP",,,,,"nt authority",system,,"S-1-5-18",,"""MsMpEng.exe""","msmpeng.exe","c:\programdata\microsoft\windows defender\platform\4.18.24090.11-0\msmpeng.exe",9888,999,5d603c8cfe6793f8c6339676ebbf1a4c,"services.exe",856,95b78aff8347564f9d3347f5114bd9cf60b9f544,03d6885dc5ff0bb2bef655ed4063f8254f1ae02eb2387e8561364caba18e74a1,,,,,,,,,,,,,,,,116418,,,"30/10/2024, 19:59:13.346","30/10/2024, 19:59:13.346",,"30/10/2024, 06:53:27.201",141952,"28/10/2024, 05:42:31.747","Microsoft Corporation","Antimalware Service Executable","MsMpEng.exe","MsMpEng.exe","Microsoft® Windows® Operating System","4.18.24090.11",,,false,,,0,false,,,,DeviceEvents
"0d5eeaad-cb89-457a-ae38-d182066dd724",,,,AntivirusDetection,"{""InitiatingProcess"":{},""WasExecutingWhileDetected"":false,""ThreatName"":""PUABundler:Win32/CandyOpen"",""Action"":2,""WasRemediated"":false,""ResourceSchema"":""file"",""ReportSource"":""WindowsDefender"",""DetectionGuid"":""9fc9522f-83c8-b262-0941-7b3a9f741453"",""IsPassiveMode"":false}",,042d5d9f3addf8937672431c351e52e99292e0f2,"SOC-Test-EP","KeyFinderInstaller.exe",,,"F:\Study\Nicky Study\PC_Data\Data\nickyg\Downloads","nt authority",system,,"S-1-5-18",,,,,0,0,,,0,,,,,,80f381187b6511739472b88d72b34206,,,,,,,,,,,,116912,10329743bab3aa7b2073c1962f3e16744967ea11,,"30/10/2024, 19:59:12.689","30/10/2024, 19:59:12.689",,,,,,,,,,,,,false,,,0,false,,,,DeviceEvents
"0d5eeaad-cb89-457a-ae38-d182066dd724",,,,AntivirusDetection,"{""InitiatingProcess"":{},""WasExecutingWhileDetected"":false,""ThreatName"":""PUABundler:Win32/CandyOpen"",""Action"":2,""WasRemediated"":false,""ResourceSchema"":""file"",""ReportSource"":""WindowsDefender"",""DetectionGuid"":""9fc9522f-83c8-b262-0941-7b3a9f741453"",""IsPassiveMode"":false}",,042d5d9f3addf8937672431c351e52e99292e0f2,"SOC-Test-EP","KeyFinderInstaller.exe",,,"F:\Study\Nicky Study\PC_Data\Data\nickyg\Downloads","nt authority",system,,"S-1-5-18",,,,,0,0,,,0,,,,,,80f381187b6511739472b88d72b34206,,,,,,,,,,,,116912,10329743bab3aa7b2073c1962f3e16744967ea11,,"30/10/2024, 19:59:12.689","30/10/2024, 19:59:12.689",,,,,,,,,,,,,false,,,0,false,,,,DeviceEvents
"0d5eeaad-cb89-457a-ae38-d182066dd724",,,,AntivirusDetection,"{""InitiatingProcess"":{},""WasExecutingWhileDetected"":false,""ThreatName"":""PUA:Win32/Dllkitster"",""Action"":2,""WasRemediated"":false,""ResourceSchema"":""file"",""ReportSource"":""WindowsDefender"",""DetectionGuid"":""f07d4ebc-64a1-0a2a-3aeb-1897935ed9a3"",""IsPassiveMode"":false}",,042d5d9f3addf8937672431c351e52e99292e0f2,"SOC-Test-EP","dllkit-setup (1).exe",,,"F:\Study\Nicky Study\PC_Data\Data\nickyg\Downloads","nt authority",system,,"S-1-5-18",,,,,0,0,,,0,,,,,,477a376c09e17275fc6c9467ad2e804d,,,,,,,,,,,,116910,60c85b119d5340f1051693eba254b6dd322d18bc,,"30/10/2024, 19:59:12.688","30/10/2024, 19:59:12.688",,,,,,,,,,,,,false,,,0,false,,,,DeviceEvents
"0d5eeaad-cb89-457a-ae38-d182066dd724",,,,AntivirusDetection,"{""InitiatingProcess"":{},""WasExecutingWhileDetected"":false,""ThreatName"":""PUA:Win32/Dllkitster"",""Action"":2,""WasRemediated"":false,""ResourceSchema"":""file"",""ReportSource"":""WindowsDefender"",""DetectionGuid"":""f07d4ebc-64a1-0a2a-3aeb-1897935ed9a3"",""IsPassiveMode"":false}",,042d5d9f3addf8937672431c351e52e99292e0f2,"SOC-Test-EP","dllkit-setup.exe",,,"F:\Study\Nicky Study\PC_Data\Data\nickyg\Downloads","nt authority",system,,"S-1-5-18",,,,,0,0,,,0,,,,,,477a376c09e17275fc6c9467ad2e804d,,,,,,,,,,,,116911,60c85b119d5340f1051693eba254b6dd322d18bc,,"30/10/2024, 19:59:12.688","30/10/2024, 19:59:12.688",,,,,,,,,,,,,false,,,0,false,,,,DeviceEvents
"0d5eeaad-cb89-457a-ae38-d182066dd724",,,,AntivirusDetection,"{""InitiatingProcess"":{},""WasExecutingWhileDetected"":false,""ThreatName"":""PUA:Win32/Dllkitster"",""Action"":2,""WasRemediated"":false,""ResourceSchema"":""file"",""ReportSource"":""WindowsDefender"",""DetectionGuid"":""f07d4ebc-64a1-0a2a-3aeb-1897935ed9a3"",""IsPassiveMode"":false}",,042d5d9f3addf8937672431c351e52e99292e0f2,"SOC-Test-EP","dllkit-setup (1).exe",,,"F:\Study\Nicky Study\PC_Data\Data\nickyg\Downloads","nt authority",system,,"S-1-5-18",,,,,0,0,,,0,,,,,,477a376c09e17275fc6c9467ad2e804d,,,,,,,,,,,,116910,60c85b119d5340f1051693eba254b6dd322d18bc,,"30/10/2024, 19:59:12.688","30/10/2024, 19:59:12.688",,,,,,,,,,,,,false,,,0,false,,,,DeviceEvents
"0d5eeaad-cb89-457a-ae38-d182066dd724",,,,AntivirusDetection,"{""InitiatingProcess"":{},""WasExecutingWhileDetected"":false,""ThreatName"":""PUA:Win32/Dllkitster"",""Action"":2,""WasRemediated"":false,""ResourceSchema"":""file"",""ReportSource"":""WindowsDefender"",""DetectionGuid"":""f07d4ebc-64a1-0a2a-3aeb-1897935ed9a3"",""IsPassiveMode"":false}",,042d5d9f3addf8937672431c351e52e99292e0f2,"SOC-Test-EP","dllkit-setup.exe",,,"F:\Study\Nicky Study\PC_Data\Data\nickyg\Downloads","nt authority",system,,"S-1-5-18",,,,,0,0,,,0,,,,,,477a376c09e17275fc6c9467ad2e804d,,,,,,,,,,,,116911,60c85b119d5340f1051693eba254b6dd322d18bc,,"30/10/2024, 19:59:12.688","30/10/2024, 19:59:12.688",,,,,,,,,,,,,false,,,0,false,,,,DeviceEvents
"0d5eeaad-cb89-457a-ae38-d182066dd724",,,,AntivirusDetection,"{""InitiatingProcess"":{},""WasExecutingWhileDetected"":false,""ThreatName"":""PUATorrent:Win32/BitTorrent"",""Action"":2,""WasRemediated"":false,""ResourceSchema"":""file"",""ReportSource"":""WindowsDefender"",""DetectionGuid"":""8dc9c04e-7fe8-f6da-3659-b011ec1ec4e2"",""IsPassiveMode"":false}",,042d5d9f3addf8937672431c351e52e99292e0f2,"SOC-Test-EP","uTorrent.exe",,,"F:\Study\Study material\Network+","nt authority",system,,"S-1-5-18",,,,,0,0,,,0,,,,,,0a76e7a7ea3857a751ba5ca5eda03b94,,,,,,,,,,,,116913,9a076d03ca34be4eace14c4c4e9372a673cb9aa8,,"30/10/2024, 19:59:12.688","30/10/2024, 19:59:12.688",,,,,,,,,,,,,false,,,0,false,,,,DeviceEvents
"0d5eeaad-cb89-457a-ae38-d182066dd724",,,,AntivirusDetection,"{""InitiatingProcess"":{},""WasExecutingWhileDetected"":false,""ThreatName"":""PUABundler:Win32/FusionCore"",""Action"":2,""WasRemediated"":false,""ResourceSchema"":""file"",""ReportSource"":""WindowsDefender"",""DetectionGuid"":""0932e23b-cd33-d90b-02c4-32bdd8b7efba"",""IsPassiveMode"":false}",,042d5d9f3addf8937672431c351e52e99292e0f2,"SOC-Test-EP","media.player.codec.pack.plus.v4.5.4.setup.exe",,,"F:\Study\Nicky Study\PCbackup\Downloads","nt authority",system,,"S-1-5-18",,,,,0,0,,,0,,,,,,8c8f55dc74f3e4db9b575f262938d9b9,,,,,,,,,,,,116914,e75bf17aaa22fedc2cbc4bed97905730afe3742c,,"30/10/2024, 19:59:12.688","30/10/2024, 19:59:12.688",,,,,,,,,,,,,false,,,0,false,,,,DeviceEvents
"0d5eeaad-cb89-457a-ae38-d182066dd724",,,,AntivirusDetection,"{""InitiatingProcess"":{},""WasExecutingWhileDetected"":false,""ThreatName"":""PUATorrent:Win32/BitTorrent"",""Action"":2,""WasRemediated"":false,""ResourceSchema"":""file"",""ReportSource"":""WindowsDefender"",""DetectionGuid"":""8dc9c04e-7fe8-f6da-3659-b011ec1ec4e2"",""IsPassiveMode"":false}",,042d5d9f3addf8937672431c351e52e99292e0f2,"SOC-Test-EP","uTorrent.exe",,,"F:\Study\Study material\Network+","nt authority",system,,"S-1-5-18",,,,,0,0,,,0,,,,,,0a76e7a7ea3857a751ba5ca5eda03b94,,,,,,,,,,,,116913,9a076d03ca34be4eace14c4c4e9372a673cb9aa8,,"30/10/2024, 19:59:12.688","30/10/2024, 19:59:12.688",,,,,,,,,,,,,false,,,0,false,,,,DeviceEvents
"0d5eeaad-cb89-457a-ae38-d182066dd724",,,,AntivirusDetection,"{""InitiatingProcess"":{},""WasExecutingWhileDetected"":false,""ThreatName"":""PUABundler:Win32/FusionCore"",""Action"":2,""WasRemediated"":false,""ResourceSchema"":""file"",""ReportSource"":""WindowsDefender"",""DetectionGuid"":""0932e23b-cd33-d90b-02c4-32bdd8b7efba"",""IsPassiveMode"":false}",,042d5d9f3addf8937672431c351e52e99292e0f2,"SOC-Test-EP","media.player.codec.pack.plus.v4.5.4.setup.exe",,,"F:\Study\Nicky Study\PCbackup\Downloads","nt authority",system,,"S-1-5-18",,,,,0,0,,,0,,,,,,8c8f55dc74f3e4db9b575f262938d9b9,,,,,,,,,,,,116914,e75bf17aaa22fedc2cbc4bed97905730afe3742c,,"30/10/2024, 19:59:12.688","30/10/2024, 19:59:12.688",,,,,,,,,,,,,false,,,0,false,,,,DeviceEvents
"0d5eeaad-cb89-457a-ae38-d182066dd724",,,,UsbDriveMounted,"{""DriveLetter"":""E:"",""BusType"":11,""ProductName"":""DVDRAM GH24NSD0 "",""ProductRevision"":""LH00"",""Manufacturer"":""HL-DT-ST"",""Volume"":""\\\\?\\Volume{6a498bd9-9975-11e9-95ad-806e6f6e6963}"",""LoggedOnUsers"":[""nicky.govender@conosco.com""]}",,042d5d9f3addf8937672431c351e52e99292e0f2,"SOC-Test-EP",,,,,"conosco.com","nicky.govender",,,"nicky.govender@conosco.com",,,,,,,,,,,,,,,,,,,,,,,,,,115570,,,"30/10/2024, 19:57:10.746","30/10/2024, 19:57:10.746",,,,,,,,,,,,,false,,,,false,,,,DeviceEvents
"0d5eeaad-cb89-457a-ae38-d182066dd724",,,,UsbDriveMounted,"{""DriveLetter"":""F:"",""BusType"":7,""ProductName"":""Elements 2621   "",""ProductRevision"":""1026"",""Manufacturer"":""WD      "",""Volume"":""\\\\?\\Volume{3d8cd02e-2157-468d-b3ef-4d27a002a067}"",""LoggedOnUsers"":[""nicky.govender@conosco.com""],""SerialNumber"":""WXE2A20854NF    ""}",,042d5d9f3addf8937672431c351e52e99292e0f2,"SOC-Test-EP",,,,,"conosco.com","nicky.govender",,,"nicky.govender@conosco.com",,,,,,,,,,,,,,,,,,,,,,,,,,115569,,,"30/10/2024, 19:57:10.746","30/10/2024, 19:57:10.746",,,,,,,,,,,,,false,,,,false,,,,DeviceEvents
"0d5eeaad-cb89-457a-ae38-d182066dd724",,,,NtAllocateVirtualMemoryApiCall,"{""BaseAddress"":897843200,""RegionSize"":262144,""ProtectionMask"":64}",,042d5d9f3addf8937672431c351e52e99292e0f2,"SOC-Test-EP",,,,,mpclondon,"nicky.govender","78fa037a-d601-4a43-afea-ed6e7abb2877","S-1-12-1-2029650810-1245959681-1861085871-1999158138","nicky.govender@conosco.com","""msedge.exe"" --type=renderer --string-annotations=is-enterprise-managed=yes --extension-process --renderer-sub-type=extension --video-capture-use-gpu-memory-buffer --lang=en-GB --js-flags=--ms-user-locale=en_ZA --device-scale-factor=1 --num-raster-threads=2 --enable-main-frame-before-activation --renderer-client-id=2651 --time-ticks-at-unix-epoch=-1730094146248660 --launch-time-ticks=223253827504 --field-trial-handle=57060,i,13268062926239585161,18440316576703208781,262144 --variations-seed-version --mojo-platform-channel-handle=70344 /prefetch:2","msedge.exe","c:\program files (x86)\microsoft\edge\application\msedge.exe",25884,1721348,a48cee7b2824520d49b970ebfb071c25,"msedge.exe",15620,4c33975800d809618d24021bb577e75b6b006c3b,498bc8c15e31bf553a7b0940ab594d637a58fd300c3e8c3a21b635461d186e96,,,,,,,,,,,,,,,,115546,,,"30/10/2024, 19:56:30.002","30/10/2024, 19:56:30.002",,"30/10/2024, 19:43:20.088",3020344,"28/10/2024, 05:44:50.313","Microsoft Corporation","Microsoft Edge","msedge_exe","msedge.exe","Microsoft Edge","130.0.2849.56",,,false,,,1,false,,,,DeviceEvents
"0d5eeaad-cb89-457a-ae38-d182066dd724",,,,NtAllocateVirtualMemoryApiCall,"{""BaseAddress"":981204992,""RegionSize"":262144,""ProtectionMask"":64}",,042d5d9f3addf8937672431c351e52e99292e0f2,"SOC-Test-EP",,,,,mpclondon,"nicky.govender","78fa037a-d601-4a43-afea-ed6e7abb2877","S-1-12-1-2029650810-1245959681-1861085871-1999158138","nicky.govender@conosco.com","""msedge.exe"" --type=renderer --string-annotations=is-enterprise-managed=yes --extension-process --renderer-sub-type=extension --video-capture-use-gpu-memory-buffer --lang=en-GB --js-flags=--ms-user-locale=en_ZA --device-scale-factor=1 --num-raster-threads=2 --enable-main-frame-before-activation --renderer-client-id=2650 --time-ticks-at-unix-epoch=-1730094146248660 --launch-time-ticks=222621368499 --field-trial-handle=68064,i,13268062926239585161,18440316576703208781,262144 --variations-seed-version --mojo-platform-channel-handle=42028 /prefetch:2","msedge.exe","c:\program files (x86)\microsoft\edge\application\msedge.exe",33640,1721348,a48cee7b2824520d49b970ebfb071c25,"msedge.exe",15620,4c33975800d809618d24021bb577e75b6b006c3b,498bc8c15e31bf553a7b0940ab594d637a58fd300c3e8c3a21b635461d186e96,,,,,,,,,,,,,,,,115545,,,"30/10/2024, 19:56:30.001","30/10/2024, 19:56:30.001",,"30/10/2024, 19:32:47.653",3020344,"28/10/2024, 05:44:50.313","Microsoft Corporation","Microsoft Edge","msedge_exe","msedge.exe","Microsoft Edge","130.0.2849.56",,,false,,,1,false,,,,DeviceEvents
"0d5eeaad-cb89-457a-ae38-d182066dd724",,,,DpapiAccessed,"{""CallerProcessID"":22276,""Flags"":""CRYPTPROTECT_UI_FORBIDDEN"",""MasterKeyGUID"":""d48acc0c-a767-4453-845d-7fcd9551269a"",""OperationType"":""SPCryptUnprotect"",""ReturnValue"":0,""DataDescription"":""BITS job credentials""}",,042d5d9f3addf8937672431c351e52e99292e0f2,"SOC-Test-EP",,,,,"nt authority",system,,"S-1-5-18",,"svchost.exe -k netsvcs -p -s BITS","svchost.exe","c:\windows\system32\svchost.exe",22276,999,7469cc568ad6821fd9d925542730a7d8,"services.exe",856,e4e3f6bbad17b41a42687b3d75ade4a10b0870ec,6fc3bf1fdfd76860be782554f8d25bd32f108db934d70f4253f1e5f23522e503,,,,,,,,,,,,,,,,115535,,,"30/10/2024, 19:56:11.709","30/10/2024, 19:56:11.709",16,"30/10/2024, 19:56:07.404",57528,"28/10/2024, 05:42:31.747","Microsoft Corporation","Host Process for Windows Services","svchost.exe","svchost.exe","Microsoft® Windows® Operating System","10.0.19041.4355",,,false,,,0,false,,,,DeviceEvents
"0d5eeaad-cb89-457a-ae38-d182066dd724",,,,DpapiAccessed,"{""CallerProcessID"":22276,""Flags"":""CRYPTPROTECT_UI_FORBIDDEN"",""MasterKeyGUID"":""d48acc0c-a767-4453-845d-7fcd9551269a"",""OperationType"":""SPCryptProtect"",""ReturnValue"":0,""DataDescription"":""BITS Job Custom headers""}",,042d5d9f3addf8937672431c351e52e99292e0f2,"SOC-Test-EP",,,,,"nt authority",system,,"S-1-5-18",,"svchost.exe -k netsvcs -p -s BITS","svchost.exe","c:\windows\system32\svchost.exe",22276,999,7469cc568ad6821fd9d925542730a7d8,"services.exe",856,e4e3f6bbad17b41a42687b3d75ade4a10b0870ec,6fc3bf1fdfd76860be782554f8d25bd32f108db934d70f4253f1e5f23522e503,,,,,,,,,,,,,,,,115534,,,"30/10/2024, 19:56:11.702","30/10/2024, 19:56:11.702",130,"30/10/2024, 19:56:07.404",57528,"28/10/2024, 05:42:31.747","Microsoft Corporation","Host Process for Windows Services","svchost.exe","svchost.exe","Microsoft® Windows® Operating System","10.0.19041.4355",,,false,,,0,false,,,,DeviceEvents
"0d5eeaad-cb89-457a-ae38-d182066dd724","nt authority",system,"S-1-5-18",OpenProcessApiCall,"{""DesiredAccess"":5136}",,042d5d9f3addf8937672431c351e52e99292e0f2,"SOC-Test-EP","lsass.exe",,,"C:\Windows\System32","nt authority",system,,"S-1-5-18",,"""DropboxUpdate.exe"" /ua /installsource core","DropboxUpdate.exe","C:\Program Files (x86)\Dropbox\Update",36096,999,8ad76e0b347bb690697535ce95b1c656,"\Device\HarddiskVolume4\Program Files (x86)\Dropbox\Update\DropboxUpdate.exe",5916,10d2622a3965d21215a953ed924d01788a9805ed,7655221b493047c61285e1de78807d0584920b0d14d150e2487da9728b1926f3,,,,60e18f7b8d1f43731d0e9169c2d16547,,"lsass.exe",884,TokenElevationTypeDefault,,,,,,,,115524,83ebb66f070956225959ee773b468f89ed55479c,,"30/10/2024, 19:56:05.410","30/10/2024, 19:56:05.410",60640,"30/10/2024, 19:56:05.225",130320,"28/10/2024, 05:44:11.860","Dropbox, Inc.","Dropbox Update","Dropbox Update","DropboxUpdate.exe","Dropbox Update","1.3.537.5","28/10/2024, 05:42:31.791",,false,,,0,false,,,,DeviceEvents
